﻿name,desc,rarity,special,dmg,delay,range,speed,accuracy,crit,shot count,shot spread,shot width,accel,homing,orbit,orbit_rad,pierce,split,wiggle,lightning,slowdown,explode,t_charge_max
dmgUp,Damage up,,,0.5,,,,,,,,,,,,,,,,,,,
spdUp,Projectile speed up,,,,,,0.5,,,,,,,,,,,,,,,,
rangeUp,Attack range up,,,,,25,,,,,,,,,,,,,,,,,
rofUp,Attack rate up,,,,-1,,,,,,,,,,,,,,,,,,
shotUp,Fire an additional projectile,,,,,,,,,1,,,,,,,,,,,,,
homing,Adds homing effect,,,,,,,,,,,,,5,,,,,,,,,
lightning,Adds lightning effect,1,,,,,,,,,,,,,,,,,,1,,,
explode,Projectiles explode on contact!,1,,,,,,,,,,,,,,,,,,,,1,
orbit,Projectiles orbit around flower,,,,,,,,,,,,,,1,,,,,,,,
wiggle,Projectiles move in a wave,,,,,,,,,,,,,,,,,,1,,,,
pierce,Projectiles pierce through enemies,,,,,,,,,,,,,,,,1,,,,,,
slowdown,Projectiles slow enemies on contact,1,,,,,,,,,,,,,,,,,,,1,,
burst,Fire 2 additional shots with less accuracy and damage,1,,-0.5,,,,-50,,2,,,,,,,,,,,,,
bubbler,"Rate of fire increase, with large accuracy and range penalties",1,,,-17,-75,,-50,,,,,,,,,,,,,,,
blast,Fire 5 additional shots over a wide angle,3,,-0.5,,,,,,5,180,,,,,,,,,,,,
chunk,"Big damage boost, slower attacks",1,,5,15,,-1.5,,,,,,,,,,,,,,,,
rapidfire,Faster attacks with less damage and more spread,1,,-1,-10,,2,,,,,1.25,,,,,,,,,,,
clover,Small critical chance boost,,,,,,,,5,,,,,,,,,,,,,,
100clover,"Large Critical chance boost, damage down",2,,-0.5,,,,,45,,,,,,,,,,,,,,
split,Projectiles split on contact with enemies,1,,-0.15,,,,,,,,,,,,,,3,,,,,
thunder,Projectiles explode with lightning; speed decreases,2,,,,,-1.15,,,,,,,,,,,,,1,,1,
lightningStorm,"Shots become lightning-charged, with a high spread and decceleration",3,,-0.5,-10,,,-50,,,,,0.98,,,,,,,5,,,
fireball,"Shots explode and deal more damage, but move slower",1,,1,,,-1,-10,,,,,,,,,,,,,,1,
smartshot,Increases range and adds high homing; lowers rate of fire,2,,,30,30,,,,,,,,15,,,,,,,,,
stormShield,Shots orbit and shoot lightning,2,,,,,,,,,,,,,1,,,,,3,,,
goop,Projectiles slow enemies greatly; rate of fire decreases,2,,,5,,,,,,,,,,,,,,,,5,,
cursedClover,"Critical chance up, accuracy down",,,,,,,-45,30,,,,,,,,,,,,,,
satellite,Projectiles orbit around you in a wave-like fashion,,,,,,,,,,,,,,1,5,,,2,,,,
spear,"Projectiles pierce greatly, but move slower",1,,,,,-1.15,,,,,,,,,,5,,,,,,
charge,Increases EXP generation rate,,,,,,,,,,,,,,,,,,,,,,-45
superCharge,Greatly increase EXP generation rate at the cost of other stats,1,,-0.5,5,-10,-0.5,-10,,,,0.5,,,,,,,,,,,-300
superSap,"Projectiles slow enemies and fire rapidly, but deal very low damage",2,,-5,-20,,,,,,,,,,,,,,,,1,,
lightningBlast,Supercharges projectiles with lightning,3,,,,,,,,,,,,,,,,,,10,,,
snipe,Damage and projectile speed up,3,,2,,,3,,,,,,,,,,,,,,,,
wall,Rapid fire over a wide area,3,,,-20,,,,,,,5,,,,,,,,,,,
missile,Projectiles home and explode; rate of fire decreases,3,,,,,,,,,,,,15,,,,,,,,5,
superSpeed,"Projectiles deal less damage, move much more quickly",2,,-0.5,,,5,,,,,,,,,,,,,,,,
dumbShot,Fire 2 additional projectiles with less accuracy,2,,,,,,-35,,2,,,,,,,,,,,,,
tight,Projectiles tightly orbit around the flower,3,,,-20,,,,,,,,,,1,15,,,,,,,
narrow,Fire 3 additional shots at a narrow angle,3,,,,,,,,3,20,,,,,,,,,,,,
bigRange,"Range up, accuracy down",1,,,,100,,-50,,,,,,,,,,,,,,,
farShot,Big range boost,3,,,,100,,,,,,,,,,,,,,,,,
ultraHome,Range up with homing projectiles; rate of fire down,3,,,30,200,,,,,,,,20,,,,,,,,,
rangeUpUp,Range up!,1,,,,50,,,,,,,,,,,,,,,,,
